Sample1	Sample2	Sample1_length	Sample2_length	DistanceScore_d0	DistanceScore_d1	DistanceScore_d2	DistanceScore_d3	DistanceScore_d4	DistanceScore_d5	DistanceScore_d6	DistanceScore_d7	DistanceScore_d8	DistanceScore_d9	Percent_identity	Coverage_breadth_mingenome	Breakpoint_distance	Breakpoints	Alignments	l10	l20	l30	l40	l50	l60	l70	l80	l90	n10	n20	n30	n40	n50	n60	n70	n80	n90
RB5_7	SFV70_2	25736	243736	0.981229960812255	0.901732981038234	3.97549334059981	2.3200668222489	0.104982206405694	0.110911679793952	0.983200480940506	0.912049269505751	4.08640502039376	2.43097850204285	0.895017793594306	0.0982670189617656	0	0	2	2	2	2	2	2	2	2	2	2	5058	5058	5058	5058	5058	5058	5058	5058	5058
RB5_7	SFV70_3	25736	172207	0.991654163067146	0.967904880323283	4.78599243536282	3.43905129539788	0.0532687651331719	0.054740032975667	0.992098735494562	0.969614547715263	4.84073246833848	3.49379132837355	0.946731234866828	0.0320951196767174	0	0	4	2	2	2	2	2	4	4	4	4	906	906	906	906	906	746	746	746	746
RB5_7	SFV70_4	25736	99518	0.652945215322465	0.155463164438918	1.05827263058207	0.16896692549597	0	0	0.652945215322465	0.155463164438918	1.05827263058207	0.16896692549597	1	0.844536835561082	0	0	4	2	2	2	2	2	2	4	4	4	30012	30012	30012	30012	30012	30012	13458	13458	13458
RB5_7	SFV131_2	25736	421101	0.984983338443325	0.869637861361517	4.19859492388397	2.03743901951308	0.0922503725782414	0.0967866791292429	0.98636863106681	0.881663817221013	4.29538160301321	2.13422569864232	0.907749627421759	0.130362138638483	0.666666666666667	4	6	2	2	2	2	2	2	2	4	6	5058	5058	5058	5058	5058	5058	5058	906	746
RB5_7	SFV131_3	25736	103447	0.601557480473437	0	0.920192033247193	0	0	0	0.601557480473437	0	0.920192033247193	0	1	1	0	0	4	2	2	2	2	2	4	4	4	4	30012	30012	30012	30012	30012	21460	21460	21460	21460
