Sample1	Sample2	Sample1_length	Sample2_length	DistanceScore_d0	DistanceScore_d1	DistanceScore_d2	DistanceScore_d3	DistanceScore_d4	DistanceScore_d5	DistanceScore_d6	DistanceScore_d7	DistanceScore_d8	DistanceScore_d9	Percent_identity	Coverage_breadth_mingenome	Breakpoint_distance	Breakpoints	Alignments	l10	l20	l30	l40	l50	l60	l70	l80	l90	n10	n20	n30	n40	n50	n60	n70	n80	n90
RB5_8	RB5_12	6647	1551	0.985362283483777	0.961315280464217	4.22415375828224	3.25231060095444	0.0166666666666667	0.0168071183163813	0.985606245425714	0.961960025789813	4.24096087659862	3.26911771927082	0.983333333333333	0.0386847195357834	0	0	2	2	2	2	2	2	2	2	2	2	120	120	120	120	120	120	120	120	120
RB5_8	SFV131_4	6647	10579	0.231800766283525	0.00458853618173616	0.263706160576069	0.00459909582847778	0.0615884531096501	0.0635666768482113	0.279112968768141	0.0658943884459154	0.327272837424281	0.0681657726766891	0.93841154689035	0.995411463818264	0.333333333333333	2	6	2	2	2	2	2	4	4	4	4	7931	7931	7931	7931	7931	4609	4609	4609	4609
