Sample1	Sample2	Sample1_length	Sample2_length	DistanceScore_d0	DistanceScore_d1	DistanceScore_d2	DistanceScore_d3	DistanceScore_d4	DistanceScore_d5	DistanceScore_d6	DistanceScore_d7	DistanceScore_d8	DistanceScore_d9	Percent_identity	Coverage_breadth_mingenome	Breakpoint_distance	Breakpoints	Alignments	l10	l20	l30	l40	l50	l60	l70	l80	l90	n10	n20	n30	n40	n50	n60	n70	n80	n90
RB5_12	RB5_13	1551	1506	0.427870461236506	0.419322709163347	0.558389846872232	0.543560113901182	0.117781589479703	0.125315622655441	0.49525678770036	0.487715803452855	0.683705469527674	0.668875736556623	0.882218410520297	0.580677290836653	0	0	2	2	2	2	2	2	2	2	2	2	1749	1749	1749	1749	1749	1749	1749	1749	1749
