Sample1	Sample2	Sample1_length	Sample2_length	DistanceScore_d0	DistanceScore_d1	DistanceScore_d2	DistanceScore_d3	DistanceScore_d4	DistanceScore_d5	DistanceScore_d6	DistanceScore_d7	DistanceScore_d8	DistanceScore_d9	Percent_identity	Coverage_breadth_mingenome	Breakpoint_distance	Breakpoints	Alignments	l10	l20	l30	l40	l50	l60	l70	l80	l90	n10	n20	n30	n40	n50	n60	n70	n80	n90
RB5_9	RB5_10	5753	3830	0.854847125117395	0.818407310704961	1.92996778242032	1.70598907081119	0.12077641984184	0.128716056236271	0.872378169675467	0.840339425587467	2.05868383865659	1.83470512704746	0.87922358015816	0.181592689295039	0	0	4	2	2	2	2	2	2	4	4	4	855	855	855	855	855	855	536	536	536
