Sample1	Sample2	Sample1_length	Sample2_length	DistanceScore_d0	DistanceScore_d1	DistanceScore_d2	DistanceScore_d3	DistanceScore_d4	DistanceScore_d5	DistanceScore_d6	DistanceScore_d7	DistanceScore_d8	DistanceScore_d9	Percent_identity	Coverage_breadth_mingenome	Breakpoint_distance	Breakpoints	Alignments	l10	l20	l30	l40	l50	l60	l70	l80	l90	n10	n20	n30	n40	n50	n60	n70	n80	n90
RB5_3	RB5_6	95876	33303	0.970660865930221	0.943098219379635	3.52883302034363	2.86642864448423	0	0	0.970660865930221	0.943098219379635	3.52883302034363	2.86642864448423	1	0.0569017806203645	0	0	2	2	2	2	2	2	2	2	2	2	3790	3790	3790	3790	3790	3790	3790	3790	3790
RB5_3	SFV70_2	95876	243736	0.982538897329894	0.969074638074179	4.04777957649231	3.47617865743106	0.0013490725126476	0.0013499833302346	0.982562453623547	0.969116358629897	4.04912955982255	3.47752864076129	0.998650927487352	0.0309253619258209	0	0	2	2	2	2	2	2	2	2	2	2	5930	5930	5930	5930	5930	5930	5930	5930	5930
RB5_3	SFV70_3	95876	172207	0.992032318349168	0.988860611623347	4.83236171295784	4.49726794934274	0.0028089887640449	0.00281294137661461	0.992054699477401	0.988891902040135	4.83517465433445	4.50008089071936	0.997191011235955	0.0111393883766532	0	0	2	2	2	2	2	2	2	2	2	2	2136	2136	2136	2136	2136	2136	2136	2136	2136
RB5_3	SFV131_2	95876	421101	0.988529470363285	0.969074638074179	4.46797417308173	3.47617865743106	0.0013490725126476	0.0013499833302346	0.988544944939523	0.969116358629897	4.46932415641197	3.47752864076129	0.998650927487352	0.0309253619258209	0	0	2	2	2	2	2	2	2	2	2	2	5930	5930	5930	5930	5930	5930	5930	5930	5930
