Sample1	Sample2	Sample1_length	Sample2_length	DistanceScore_d0	DistanceScore_d1	DistanceScore_d2	DistanceScore_d3	DistanceScore_d4	DistanceScore_d5	DistanceScore_d6	DistanceScore_d7	DistanceScore_d8	DistanceScore_d9	Percent_identity	Coverage_breadth_mingenome	Breakpoint_distance	Breakpoints	Alignments	l10	l20	l30	l40	l50	l60	l70	l80	l90	n10	n20	n30	n40	n50	n60	n70	n80	n90
A	B	30	30	0.3	0.3	0.356674943938732	0.356674943938732	0.285714285714286	0.336472236621213	0.5	0.5	0.693147180559945	0.693147180559945	0.714285714285714	0.7	1	4	5	1	1	1	1	1	2	2	3	4	11	11	11	11	11	4	4	3	2
