Sample1	Sample2	Sample1_length	Sample2_length	DistanceScore_d0	DistanceScore_d1	DistanceScore_d2	DistanceScore_d3	DistanceScore_d4	DistanceScore_d5	DistanceScore_d6	DistanceScore_d7	DistanceScore_d8	DistanceScore_d9	Percent_identity	Coverage_breadth_mingenome	Breakpoint_distance	Breakpoints	Alignments	l10	l20	l30	l40	l50	l60	l70	l80	l90	n10	n20	n30	n40	n50	n60	n70	n80	n90
RB5_8	RB5_12	6647	1551	0.985362283483777	0.961315280464217	4.22415375828224	3.25231060095444	0.0166666666666667	0.0168071183163813	0.985606245425714	0.961960025789813	4.24096087659862	3.26911771927082	0.983333333333333	0.0386847195357834	0	0	2	2	2	2	2	2	2	2	2	2	959	959	959	959	959	959	959	959	959
RB5_12	RB5_13	1551	1506	0.427870461236506	0.419322709163347	0.558389846872232	0.543560113901182	0.117781589479703	0.125315622655441	0.49525678770036	0.487715803452855	0.683705469527674	0.668875736556623	0.882218410520297	0.580677290836653	0	0	2	2	2	2	2	2	2	2	2	2	910	910	910	910	910	910	910	910	910
RB5_12	SFV131_4	1551	10579	0.990107172300082	0.961315280464217	4.61594525915605	3.25231060095444	0.0166666666666667	0.0168071183163813	0.990272052761748	0.961960025789813	4.63275237747243	3.26911771927082	0.983333333333333	0.0386847195357834	0	0	2	2	2	2	2	2	2	2	2	2	120	120	120	120	120	120	120	120	120
